{"cameraMode":{"drawMode":0,"name":"Shaded","section":"Shading Mode"},"sceneLighting":true,"audioPlay":false,"sceneViewState":{"m_AlwaysRefresh":false,"showFog":true,"showSkybox":false,"showFlares":true,"showImageEffects":true,"showParticleSystems":true,"showVisualEffectGraphs":true,"m_FxEnabled":true},"in2DMode":false,"pivot":{"x":1164.642333984375,"y":545.8390502929688,"z":2.1720433235168459},"rotation":{"x":-0.0026903972029685976,"y":-0.000004847829131904291,"z":9.38498033065116e-7,"w":0.9999827146530151},"size":1015.9140014648438,"orthographic":false}